{
  "Get Posts" : {
    "transaction" : "Get Posts",
    "sampleCount" : 500,
    "errorCount" : 0,
    "errorPct" : 0.0,
    "meanResTime" : 78.64400000000008,
    "medianResTime" : 63.0,
    "minResTime" : 56.0,
    "maxResTime" : 536.0,
    "pct1ResTime" : 162.90000000000003,
    "pct2ResTime" : 173.0,
    "pct3ResTime" : 282.6900000000003,
    "throughput" : 8.431845393682861,
    "receivedKBytesPerSec" : 236.70070716833337,
    "sentKBytesPerSec" : 1.375115410883826
  },
  "Get Single Post" : {
    "transaction" : "Get Single Post",
    "sampleCount" : 500,
    "errorCount" : 0,
    "errorPct" : 0.0,
    "meanResTime" : 56.569999999999965,
    "medianResTime" : 53.0,
    "minResTime" : 49.0,
    "maxResTime" : 207.0,
    "pct1ResTime" : 63.0,
    "pct2ResTime" : 72.94999999999999,
    "pct3ResTime" : 112.8900000000001,
    "throughput" : 8.499787505312366,
    "receivedKBytesPerSec" : 12.384522418189544,
    "sentKBytesPerSec" : 1.4027969613259668
  },
  "Total" : {
    "transaction" : "Total",
    "sampleCount" : 1500,
    "errorCount" : 0,
    "errorPct" : 0.0,
    "meanResTime" : 98.05000000000021,
    "medianResTime" : 64.0,
    "minResTime" : 49.0,
    "maxResTime" : 536.0,
    "pct1ResTime" : 154.0,
    "pct2ResTime" : 169.9000000000001,
    "pct3ResTime" : 338.0,
    "throughput" : 24.380729471425784,
    "receivedKBytesPerSec" : 251.22622688402086,
    "sentKBytesPerSec" : 4.880907755510044
  },
  "Create User" : {
    "transaction" : "Create User",
    "sampleCount" : 500,
    "errorCount" : 0,
    "errorPct" : 0.0,
    "meanResTime" : 158.93600000000004,
    "medianResTime" : 150.0,
    "minResTime" : 145.0,
    "maxResTime" : 346.0,
    "pct1ResTime" : 162.90000000000003,
    "pct2ResTime" : 187.89999999999998,
    "pct3ResTime" : 341.99,
    "throughput" : 8.484642796538267,
    "receivedKBytesPerSec" : 11.739481031520448,
    "sentKBytesPerSec" : 2.3117337306974375
  }
}